Model,AUC,F1-Score_day,F1-Score_period
Logistic Regression (CV),0.7562125926664403,0.6913006405383721,0.9320574162679427
